<?xml version="1.0" encoding="UTF-8"?>
<beans xmlns="http://www.springframework.org/schema/beans"
	xmlns:xsi="http://www.w3.org/2001/XMLSchema-instance"
	xmlns:aop="http://www.springframework.org/schema/aop"
	xmlns:p="http://www.springframework.org/schema/p"
	xmlns:tx="http://www.springframework.org/schema/tx"
	xmlns:context="http://www.springframework.org/schema/context"
	xsi:schemaLocation="http://www.springframework.org/schema/beans https://www.springframework.org/schema/beans/spring-beans.xsd
		http://www.springframework.org/schema/context http://www.springframework.org/schema/context/spring-context-4.3.xsd
		http://www.springframework.org/schema/aop http://www.springframework.org/schema/aop/spring-aop-4.3.xsd
		http://www.springframework.org/schema/tx http://www.springframework.org/schema/tx/spring-tx-4.3.xsd">

  <bean id="sqlSessionTemplate" class="org.mybatis.spring.SqlSessionTemplate">
    <constructor-arg index="0" ref="sqlSessionFactoryBean"></constructor-arg>
  </bean>
  
  <bean id="sqlSessionFactoryBean" class="org.mybatis.spring.SqlSessionFactoryBean">
   <property name="dataSource" ref="dataSource"></property>
   <property name="configLocation" value="classpath:mybatis-config.xml"></property>
   <property name="mapperLocations" value="classpath:mapper/**/*.xml"></property>
  </bean>
  
  <bean id="transactionManager" class="org.springframework.jdbc.datasource.DataSourceTransactionManager">
    <property name="dataSource" ref="dataSource"/>
  </bean>
  
  <bean id="jdbcTemplate" class="org.springframework.jdbc.core.JdbcTemplate">
    <property name="dataSource" ref="dataSource"></property>
  </bean>
  
  <!-- database.properties -->
  <context:property-placeholder location="classpath:/resource/config/database.properties"/>
  <!-- Connection Pool -->
  <bean id="dataSource" class="org.apache.commons.dbcp.BasicDataSource">
    <property name="driverClassName" value="${jdbc.driver}"/>
      <property name="url" value="${jdbc.url}"/>
      <property name="username" value="${jdbc.username}"/>
      <property name="password" value="${jdbc.password}"/>
      <!-- 최대 접속 허용 갯수 -->
    <property name="maxActive" value="${jdbc.maxActive}"/>
    
    <!-- 여분으로 남겨질 Connection -->
    <property name="maxIdle"   value="${jdbc.maxIdle}"/>
    
    <!-- DB연결 대기시간 -->
    <property name="maxWait"   value="${jdbc.maxWait}"/>
    
    <!-- Connection 잘못 관리되어 버려진 연결 찾아 재활용 -->
    <property name="removeAbandoned" value="${jdbc.removeAbandoned}"/>
    
    <!-- 버려진 연결로 인식할 기본 시간  -->
    <property name="removeAbandonedTimeout" value="${jdbc.removeAbandonedTimeout}"/>
    </bean>
  

</beans>
